<?xml version="1.0" encoding="UTF-8" ?>
<project name="maven-antrun-" default="main"  >
<target name="main">
  <taskdef classname="org.hibernate.tool.ant.HibernateToolTask" name="hibernatetool"/>
  <mkdir dir="../app/src/main/sql"/>
  <hibernatetool destdir="../app/src/main/sql">
    <jpaconfiguration persistenceunit="unit_test"/>
    <hbm2ddl export="false" console="false" outputfilename="schema.sql" drop="true" haltonerror="true" format="true" create="true"/>
    <classpath>
      <path location="target/test-classes"/>
      <path location="target/classes"/>
      <path location="target/src/main/java"/>
    </classpath>
  </hibernatetool>
</target>
</project>