<andromda xmlns="http://andromda.org/core/configuration">
    <!-- See http://docs.andromda.org/configuration.html for andromda.xml properties documentation -->
    <properties>
        <property name="modelValidation">${validation}</property>
        <property name="xmlValidation">true</property>
        <property name="failOnValidationErrors">true</property>
        <!-- Comma separated list of cartridges to be processed by namespace name, such as java,webservice. Empty = true = process all -->
        <property name="cartridgeFilter">${filter}</property>
        <!-- Debug andromda processing using example log4j.xml file -->
        <!--property name="loggingConfigurationUri">file:${project.basedir}/log4j.xml</property-->
    </properties>
    <!-- Server will load and validate model in the background automatically when anything changes.
    To start server from mda directory: mvn andromda:start-server.
    Leave commented, or else AndroMDA will try to connect each time.>
    <server>
        <host>localhost</host>
        <port>4447</port>
    </server -->
    <repositories>
        <repository name="emf-uml22">
            <models>
                <model type="emf-uml22">
                    <uri>file:${project.basedir}/src/main/uml2/timetracker.uml</uri>
                    <!--uri>file:${project.basedir}/src/main/uml/timetracker-rsm75.emx</uri-->
                    <!-- List any additional referenced models needed for code generation here, even if already referenced internally within the model file -->
                    <!--uri>file:${project.basedir}/uml/AdditionalModel.emx</uri-->
                    <moduleSearchLocations>
                        <location patterns="*.uml">${project.basedir}/src/main/uml2</location>
                        <!--location patterns="**/${andromda.version}/**/*-${andromda.version}.uml">${settings.localRepository}/org/andromda/profiles/emf/uml22</location>
                        <location patterns="**/${andromda.version}/**/*-${andromda.version}.profile.uml">${settings.localRepository}/org/andromda/profiles/emf/uml22</location>
                        <location patterns="**/${andromda.version}/**/*-${andromda.version}.library.uml">${settings.localRepository}/org/andromda/profiles/emf/uml22</location>
                        <location patterns="**/${andromda.version}/*.e*x">${settings.localRepository}/org/andromda/profiles/emf/rsm75</location-->
        <!--repository name="netBeansMDR">
            <models>
                <model>
                    <uri>${model.uri}</uri>
                    <moduleSearchLocations>
                        <location patterns="**/src/main/uml/*.xml.zip">${project.basedir}/../../../../profiles/uml-1.4</location>
                        <location patterns="**/${andromda.version}/*.xml.zip">${settings.localRepository}/org/andromda/profiles/uml14</location>
                        <location patterns="**/*.xml">jar:file:${settings.localRepository}/org/omg/profiles/uml14/UML_Standard_Profile/1.0.1/UML_Standard_Profile-1.0.1.jar!/</location>
                        <location patterns="**/*.xml.zip">${settings.localRepository}/org/andromda/profiles/uml14</location-->
                        <!--location patterns="**/*.uml,**/*.e*x">${project.basedir}/src/main/uml</location>
                        <location patterns="**/${andromda.version}/*.e*x">${settings.localRepository}/org/andromda/profiles/emf/rsm75</location>
                        <location patterns="**/${andromda.version}/*.uml">${settings.localRepository}/org/andromda/profiles/emf/uml22</location-->
                    </moduleSearchLocations>
                    <!-- Can filter in/out specific andromda model validation constraints (default true=validate all) -->
                    <!--constraints enforceAll="true">
                        <constraint enforce="false">org::andromda::metafacades::uml::Entity::entities can only generalize other entities</constraint>
                        <constraint enforce="false">org::andromda::metafacades::uml::Entity::entity must have at least one primary key</constraint>
                    </constraints-->
                    <!-- JSF needs to disable these validations because there are situations where we can't use native
                         types in required (multiplicity > 0) parameters or VO attributes-->
                    <constraints>
                        <constraint enforce="false">**::wrapped primitive attribute should not be required</constraint>
                        <constraint enforce="false">**::wrapped primitive parameter should not be required</constraint>
                    </constraints>
                    <!-- Can filter in/out specific model packages (in UML notation) to generate code from (default true=process all) -->
                    <!--modelPackages>
                        <modelPackage process="false">org::andromda::sample::notprocessed</modelPackage>
                    </modelPackages-->
                </model>
            </models>
        </repository>
    </repositories>
    <!-- The mappingsSearchLocations are used by the below '*MappingsUri' namespace
      properties (e.g. languageMappingsUri) so that we can use a "logical" name from the content
      of any *.xml files in the search locations (instead of having to specify explicit paths...).
      Except for 'profileMappingsUri', this approach did not seem to work as there is no
      "logical" mapping name. mappingsUri is specified without 'Mappings' suffix on file name.
      See http://docs.andromda.org/mappings.html.
      A default empty mda/config/mappings/JavaMappings.xml is provided with the generated project.
      It can be used to customize mappings from UML to Java datatypes used by all cartridges. -->
    <mappingsSearchLocations>
        <!-- Add additional mappings files under mda/config/mappings, referenced by languageMappingsUri -->
        <location patterns="*.xml">${conf.dir}/mappings</location>
    </mappingsSearchLocations>
    <!-- To add/remove an additional cartridge to the code generation process (i.e. modeldump):
    - Add the namespace elements to andromda.xml
    - Add the cartridge dependency (including version) to mda/pom.xml
    - Add additional build dependencies to individual project pom.xml files -->
    <namespaces>
        <!-- namespace property values used by ALL cartridges -->
        <!-- Variable references refer to properties defined in root pom.xml or mda/pom.xml files -->
        <!-- See http://www.andromda.org/docs/andromda-metafacades/andromda-uml-metafacades/andromda-metafacades-emf-uml2/namespace.html -->
        <namespace name="default">
            <properties>
                <!--property name="projactId">${project.parent.artifactId}</property>
                <property name="projactName">${project.parent.name}</property-->
                <!-- Use enums, strongly typed collections with templates, and @annotation markups -->
                <property name="enableTemplating">true</property>
                <property name="enableAnnotations">true</property>
                <property name="typeSafeEnumsEnabled">true</property>
                <!-- Replaces default JavaMappings with customized mappings which extend Java, for PrimitiveTypes etc. -->
                <property name="languageMappingsUri">Java</property>
                <property name="wrapperMappingsUri">JavaWrapper</property>
                <property name="sqlMappingsUri">${sql.mappings}</property>
                <property name="jdbcMappingsUri">JDBC</property>
                <property name="maxSqlNameLength">30</property>
                <property name="shortenSqlNamesMethod">truncate</property>
                <property name="foreignKeySuffix">_FK</property>
                <property name="ejbJndiNamePrefix">${application.id}-${project.version}</property>
                <!-- masking properties configure the way your model element names are generated>
                <property name="classifierNameMask">none</property>
                <property name="operationNameMask">none</property>
                <property name="roleNameMask">none</property>
                <property name="enumerationNameMask">none</property>
                <property name="entityNameMask">none</property>
                <property name="entityPropertyNameMask">none</property>
                <property name="parameterNameMask">none</property -->
                <property name="enumerationLiteralNameMask">upperunderscore</property>
                <property name="hibernateVersion">${hibernate.version}</property>
                <!-- false = hbm.xml mapping files, true = @Annotations in Entity classes. Default=false -->
                <property name="hibernateEntityAnnotations">true</property>
                <property name="persistenceContainerName">jboss</property>
                <!-- Override default @todo to set to Eclipse default>
                <property name="toDoTag">TODO</property -->
                <!-- Automatically makes English names plural (generally adds s if missing).
                default=true, set to false if using non-English models or Jaxb/CXF 2.0 or JAXB simpleBindingMode=false.>
                <property name="pluralizeAssociationEndNames">true</property>
                <property name="pluralizeAttributeNames">true</property>
                <property name="pluralizeParameterNames">true</property -->
                <property name="javaVersion">${javaVersion}</property>
                <property name="xmlAttributes">false</property>
                <property name="dataSource">${dataSource}</property>
                <property name="hibernateDialect">${hibernate.dialect}</property>
                <property name="username">${jdbc.username}</property>
                <property name="password">${jdbc.password}</property>
                <property name="driver">${jdbc.driver}</property>
                <property name="connectionUrl">${jdbc.url}</property>
                <property name="testUsername">${testdb.username}</property>
                <property name="testPassword">${testdb.password}</property>
                <property name="testDriver">${testdb.driver}</property>
                <property name="testConnectionUrl">${testdb.url}</property>
                <property name="testDialect">${testdb.dialect}</property>
                <property name="hibernateHbm2DDLAuto">update</property>
                <property name="foreignKeySuffix"></property>
                <property name="defaultIdentifierPattern">{0}Id</property>
                <property name="relationNameSeparator">_</property>
            </properties>
        </namespace>
        <!-- See http://docs.andromda.org/andromda-cartridges/andromda-spring-cartridge/namespace.html -->
        <namespace name="spring">
            <properties>
                <property name="hibernateQueryUseNamedParameters">true</property>
                <property name="hibernateEnableCache">false</property>
                <property name="sessionFactory">org.springframework.orm.hibernate4.LocalSessionFactoryBean</property>
                <!--property name="sessionFactory">org.springframework.orm.hibernate3.annotation.AnnotationSessionFactoryBean</property>
                <property name="localTransactionManager">org.springframework.orm.jpa.JpaTransactionManager</property-->
                <property name="localTransactionManager">org.springframework.orm.hibernate4.HibernateTransactionManager</property>
                <property name="hibernateCacheProvider">net.sf.ehcache.hibernate.EhCacheProvider</property>
                <property name="hibernateQueryCacheFactory">org.hibernate.cache.StandardQueryCacheFactory</property>
                <property name="mergeMappingsUri">file:${conf.dir}/mappings/SpringMergeMappings.xml</property>
                <property name="hibernateInheritanceStrategy">${hibernate.inheritance.strategy}</property>
                <property name="springTypesPackage">${application.package}</property>
                <property name="daos">${core.generated.dir}</property>
                <property name="dao-impls">${core.manual.java.dir}</property>
                <property name="spring-configuration">${core.manual.java.resources}</property>
                <property name="server-test-config">${core.manual.test.resources}</property>
                <property name="server-test">${core.manual.test.dir}</property>
                <property name="services">${core.generated.dir}</property>
                <property name="service-impls">${core.manual.java.dir}</property>
                <property name="service-interfaces">${core.generated.dir}</property>
                <property name="criteria">${common.generated.dir}</property>
                <property name="value-objects">${common.generated.dir}</property>
                <property name="enableSpringTransactionsWhenEjbsEnabled">true</property>
                <!-- to remove any dependency on EJB, comment the following property>
                <property name="session-ejbs">${core.generated.dir}</property -->
                <!-- uncomment to enable EJB security
                <property name="securityRealm">${application.id}</property>
                 -->
            </properties>
        </namespace>
        <!-- See http://docs.andromda.org/andromda-cartridges/andromda-hibernate-cartridge/namespace.html -->
        <namespace name="hibernate">
            <properties>
                <property name="jndiNamePrefix">${application.id}-${project.version}</property>
                <property name="persistenceContextUnitName">${application.id}</property>
                <property name="entityManagerName">${application.id}</property>
                <property name="hibernateEnableCache">false</property>
                <property name="hibernateEnableAssociationsCache">false</property>
                <property name="hibernateTypeMappingsUri">Hibernate</property>
                <property name="hibernateInheritanceStrategy">${hibernate.inheritance.strategy}</property>
                <property name="hibernateJdbcBatchSize">0</property>
                <property name="hibernateQueryUseNamedParameters">true</property>
                <property name="compositionDefinesEagerLoading">true</property>
                <property name="hibernateCacheProvider">net.sf.ehcache.hibernate.EhCacheProvider</property>
                <property name="hibernateQueryCacheFactory">org.hibernate.cache.StandardQueryCacheFactory</property>
                <property name="hibernateTransactionFactoryClass">org.hibernate.transaction.JTATransactionFactory</property>
                <property name="defaultHibernateGeneratorClass">${hibernate.generatorClass}</property>
                <property name="hibernateAggregationCascade">delete</property>
                <property name="hibernateDefaultCascade">none</property>
                <property name="configuration">${core.manual.java.resources}</property>
                <property name="test-configuration">${core.manual.test.resources}</property>
                <property name="entities">${core.generated.dir}</property>
                <property name="entity-impls">${core.manual.java.dir}</property>
                <property name="entity-mappings">${core.generated.dir}</property>
                <property name="user-types">${core.generated.dir}</property>
                <property name="customTypesPackage">${application.package}</property>
                <property name="compositionDefinesEagerLoading">true</property>
                <property name="cache">${core.generated.dir}</property>
                <property name="defaultHibernateGeneratorClass">${hibernate.generatorClass}</property>
                <property name="hibernateAggregationCascade">delete</property>
                <property name="hibernateDefaultCascade">none</property>
                <property name="persistenceProviderExtensions">hibernate</property>
            </properties>
        </namespace>
        <!-- See http://docs.andromda.org/andromda-cartridges/andromda-java-cartridge/namespace.html -->
        <namespace name="java">
            <properties>
                <property name="generateEqualPropertiesMethod">true</property>
                <property name="enumerations">${common.generated.dir}</property>
                <property name="exceptions">${common.generated.dir}</property>
                <property name="value-objects">${common.generated.dir}</property>
                <property name="interfaces">${common.generated.dir}</property>
            </properties>
        </namespace>
        <!-- See http://docs.andromda.org/andromda-cartridges/andromda-jsf-cartridge/namespace.html -->
        <namespace name="jsf">
            <properties>
                <property name="useAutocompleteLookup">true</property>
                <property name="viewType">facelets</property>
                <property name="applicationName">${application.name}</property>
                <property name="forms">${web.generated.java.dir}</property>
                <property name="views">${web.generated.web.dir}</property>
                <property name="managed-beans">${web.generated.java.dir}</property>
                <property name="controllers">${web.generated.java.dir}</property>
                <property name="controller-impls">${web.manual.java.dir}</property>
                <property name="messages">${web.generated.web.dir}</property>
                <property name="configuration">${web.generated.web.dir}</property>
                <property name="custom-configuration">${web.manual.dir}/resources</property>
                <property name="libraries">${web.generated.web.dir}</property>
                <property name="custom-resources">${web.manual.web.dir}</property>
                <!-- uncomment to enable web tier security
                <property name="securityRealm">${application.id}</property>
                 -->
                <property name="serviceAccessorPattern">${application.package}.ServiceLocator.instance().get{1}()</property>
                <property name="manageableServiceAccessorPattern">${application.package}.ManageableServiceLocator.instance().get{1}()</property>
                <property name="mergeMappingsUri">file:${conf.dir}/mappings/WebMergeMappings.xml</property>
                <property name="dummyData">true</property>
                <property name="enableFaceletsDevelopmentSupport">true</property>
                <property name="enableMyFacesDevelopmentSupport">true</property>
            </properties>
        </namespace>
    </namespaces>
</andromda>