<?xml version="1.0" encoding="UTF-8"?>
<!-- Generated by applicationContext-localDataSource.xml.vsl in andromda-spring-cartridge on 08/21/2014 11:54:27-0400. Do not modify by hand!. -->

<beans xmlns="http://www.springframework.org/schema/beans"
       xmlns:xsi="http://www.w3.org/2001/XMLSchema-instance"
       xmlns:lang="http://www.springframework.org/schema/lang"
       xsi:schemaLocation="http://www.springframework.org/schema/beans http://www.springframework.org/schema/beans/spring-beans-3.0.xsd http://www.springframework.org/schema/lang http://www.springframework.org/schema/lang/spring-lang-3.0.xsd">

    <!-- ========================= DATASOURCE DEFINITION ========================= -->

    <!-- Local DataSource that works in any environment -->
    <bean id="dataSource" class="org.springframework.jdbc.datasource.DriverManagerDataSource">
        <property name="driverClassName" value="org.h2.Driver"/>
        <property name="username" value="sa"/>
        <property name="password" value="sa"/>
        <property name="url" value="jdbc:h2:~/timetracker;AUTO_SERVER=TRUE;AUTO_RECONNECT=TRUE;DB_CLOSE_ON_EXIT=FALSE;DB_CLOSE_DELAY=-1"/>
    </bean>

    <bean id="entityManagerFactory"
        class="org.springframework.orm.jpa.LocalContainerEntityManagerFactoryBean">
        <property name="dataSource" ref="dataSource" />
        <property name="persistenceXmlLocation" value="classpath:META-INF/persistence.xml" />
        <property name="persistenceUnitName" value="UNIT_TEST" />
        <property name="persistenceProvider" ref="persistenceProvider" />
        <property name="jpaVendorAdapter" ref="jpaVendorAdapter" />
        <property name="jpaDialect" ref="jpaDialect" />
        <property name="jpaProperties">
            <props>
                <prop key="hibernate.show_sql">true</prop>
                <prop key="hibernate.hbm2ddl.auto">update</prop>
                <prop key="javax.persistence.validation.mode">none</prop>
            </props>
        </property>
    </bean>
    
    <bean id="persistenceProvider" class="org.hibernate.jpa.HibernatePersistenceProvider" />
    <bean id="jpaDialect" class="org.springframework.orm.jpa.vendor.HibernateJpaDialect" />
    <bean id="jpaVendorAdapter"
        class="org.springframework.orm.jpa.vendor.HibernateJpaVendorAdapter">
        <!--property name="database" value="H2" /-->
    </bean>

    <!-- ====================== End of DATASOURCE DEFINITION ====================== -->

    <!-- ===================== TRANSACTION MANAGER DEFINITION ========================= -->

    <!-- (local) Transaction Manager -->
    <bean id="transactionManager" class="org.springframework.orm.hibernate4.HibernateTransactionManager">
        <property name="sessionFactory" ref="sessionFactory"/>
        <property name="entityManagerFactory" ref="entityManagerFactory" />
    </bean>

    <!-- ===================== TRANSACTION MANAGER DEFINITION ========================= -->

</beans>
