<?xml version="1.0" encoding="UTF-8"?>
<!-- Generated by applicationContext-manageable.xml.vsl in andromda-spring-cartridge on 08/21/2014 11:54:29-0400. Do not modify by hand!. -->
<beans xmlns="http://www.springframework.org/schema/beans"
       xmlns:xsi="http://www.w3.org/2001/XMLSchema-instance"
       xmlns:lang="http://www.springframework.org/schema/lang"
       xmlns:tx="http://www.springframework.org/schema/tx"
       xsi:schemaLocation="http://www.springframework.org/schema/beans http://www.springframework.org/schema/beans/spring-beans-3.0.xsd
           http://www.springframework.org/schema/lang http://www.springframework.org/schema/lang/spring-lang-3.0.xsd
           http://www.springframework.org/schema/tx http://www.springframework.org/schema/tx/spring-tx-3.0.xsd">

    <!-- CRUD Service Transactional Interceptor. Generated by Spring crud/applicationContext-manageable.xml.vsl -->
    <bean id="manageableServiceTransactionInterceptor" class="org.springframework.transaction.interceptor.TransactionInterceptor">
        <property name="transactionManager"><ref bean="transactionManager"/></property>
        <property name="transactionAttributeSource">
            <value>
                org.andromda.timetracker.domain.crud.UserManageableService.create=PROPAGATION_REQUIRED
                org.andromda.timetracker.domain.crud.UserManageableService.searchByExample=PROPAGATION_REQUIRED
                org.andromda.timetracker.domain.crud.UserManageableService.read=PROPAGATION_REQUIRED
                org.andromda.timetracker.domain.crud.UserManageableService.readAll=PROPAGATION_REQUIRED
                org.andromda.timetracker.domain.crud.UserManageableService.readById=PROPAGATION_REQUIRED
                org.andromda.timetracker.domain.crud.UserManageableService.update=PROPAGATION_REQUIRED
                org.andromda.timetracker.domain.crud.UserManageableService.delete=PROPAGATION_REQUIRED
                org.andromda.timetracker.domain.crud.UserManageableService.getUserDetails=PROPAGATION_REQUIRED
                org.andromda.timetracker.domain.crud.UserManageableService.searchUniqueUsername=PROPAGATION_REQUIRED
                org.andromda.timetracker.domain.crud.UserManageableService.searchUniqueEmail=PROPAGATION_REQUIRED
                org.andromda.timetracker.domain.crud.TaskManageableService.create=PROPAGATION_REQUIRED
                org.andromda.timetracker.domain.crud.TaskManageableService.searchByExample=PROPAGATION_REQUIRED
                org.andromda.timetracker.domain.crud.TaskManageableService.read=PROPAGATION_REQUIRED
                org.andromda.timetracker.domain.crud.TaskManageableService.readAll=PROPAGATION_REQUIRED
                org.andromda.timetracker.domain.crud.TaskManageableService.readById=PROPAGATION_REQUIRED
                org.andromda.timetracker.domain.crud.TaskManageableService.update=PROPAGATION_REQUIRED
                org.andromda.timetracker.domain.crud.TaskManageableService.delete=PROPAGATION_REQUIRED
                org.andromda.timetracker.domain.crud.TaskManageableService.searchUniqueName=PROPAGATION_REQUIRED
            </value>
        </property>
    </bean>

     <!-- UserManageableDao Entity Proxy -->
     <bean id="UserManageableDao" class="org.springframework.aop.framework.ProxyFactoryBean">
         <property name="target"><ref local="UserManageableDaoBase"/></property>
         <property name="proxyInterfaces">
             <value>org.andromda.timetracker.domain.crud.UserManageableDao</value>
         </property>
      </bean>

    <!-- UserManageableDao Implementation  -->
    <bean id="UserManageableDaoBase" class="org.andromda.timetracker.domain.crud.UserManageableDaoBase">
        <property name="sessionFactory"><ref bean="sessionFactory"/></property>
        <property name="rolesDao"><ref bean="userRoleDao"/></property>
    </bean>

    <!-- UserManageableService Service Implementation  -->
    <bean id="UserManageableServiceBase" class="org.andromda.timetracker.domain.crud.UserManageableServiceImpl">
        <property name="dao"><ref local="UserManageableDao"/></property>
    </bean>

    <!-- UserManageableService Service Proxy  -->
    <bean id="UserManageableService" class="org.springframework.aop.framework.ProxyFactoryBean">
         <property name="target"><ref local="UserManageableServiceBase"/></property>
         <property name="proxyInterfaces">
             <value>org.andromda.timetracker.domain.crud.UserManageableService</value>
         </property>
         <property name="interceptorNames">
             <list>
                 <value>manageableServiceTransactionInterceptor</value>
             </list>
         </property>
     </bean>

     <!-- TaskManageableDao Entity Proxy -->
     <bean id="TaskManageableDao" class="org.springframework.aop.framework.ProxyFactoryBean">
         <property name="target"><ref local="TaskManageableDaoBase"/></property>
         <property name="proxyInterfaces">
             <value>org.andromda.timetracker.domain.crud.TaskManageableDao</value>
         </property>
      </bean>

    <!-- TaskManageableDao Implementation  -->
    <bean id="TaskManageableDaoBase" class="org.andromda.timetracker.domain.crud.TaskManageableDaoBase">
        <property name="sessionFactory"><ref bean="sessionFactory"/></property>
    </bean>

    <!-- TaskManageableService Service Implementation  -->
    <bean id="TaskManageableServiceBase" class="org.andromda.timetracker.domain.crud.TaskManageableServiceImpl">
        <property name="dao"><ref local="TaskManageableDao"/></property>
    </bean>

    <!-- TaskManageableService Service Proxy  -->
    <bean id="TaskManageableService" class="org.springframework.aop.framework.ProxyFactoryBean">
         <property name="target"><ref local="TaskManageableServiceBase"/></property>
         <property name="proxyInterfaces">
             <value>org.andromda.timetracker.domain.crud.TaskManageableService</value>
         </property>
         <property name="interceptorNames">
             <list>
                 <value>manageableServiceTransactionInterceptor</value>
             </list>
         </property>
     </bean>

</beans>